{
  "title": "CDR Monitoring - Network Change",
  "services": {
    "query": {
      "idQueue": [
        1,
        2,
        3,
        4
      ],
      "list": {
        "0": {
          "query": "*:*",
          "alias": "",
          "color": "#7EB26D",
          "id": 0,
          "pin": false,
          "type": "lucene"
        }
      },
      "ids": [
        0
      ]
    },
    "filter": {
      "idQueue": [
        1,
        2,
        3
      ],
      "list": {
        "0": {
          "from": "NOW/HOUR-1HOUR",
          "to": "NOW/HOUR%2B1HOUR",
          "field": "record_opening_time_rounded_dt",
          "type": "time",
          "mandate": "must",
          "active": true,
          "alias": "",
          "id": 0
        }
      },
      "ids": [
        0
      ]
    }
  },
  "rows": [
    {
      "title": "Query and Time Window",
      "height": "50px",
      "editable": true,
      "collapse": false,
      "collapsable": true,
      "panels": [
        {
          "error": "",
          "span": 5,
          "editable": true,
          "type": "timepicker",
          "loadingEditor": false,
          "status": "Stable",
          "mode": "relative",
          "time_options": [
            "5m",
            "15m",
            "1h",
            "6h",
            "12h",
            "24h",
            "7d",
            "30d",
            "90d",
            "1y",
            "5y"
          ],
          "timespan": "1h",
          "timefield": "record_opening_time_rounded_dt",
          "timeformat": "",
          "refresh": {
            "enable": true,
            "interval": 10,
            "min": 3
          },
          "filter_id": 0,
          "spyable": true,
          "title": "Time Window"
        },
        {
          "error": false,
          "span": 4,
          "editable": true,
          "group": [
            "default"
          ],
          "type": "query",
          "label": "Search",
          "history": [],
          "remember": 10,
          "pinned": true,
          "query": "*:*",
          "title": "Search",
          "spyable": true,
          "def_type": ""
        },
        {
          "span": 3,
          "editable": true,
          "type": "hits",
          "loadingEditor": false,
          "queries": {
            "mode": "all",
            "ids": [
              0
            ],
            "query": "q=*%3A*&fq=docType_s:network_type_change_rolling_count&fq=record_opening_time_rounded_dt:[NOW/HOUR-1HOUR%20TO%20NOW/HOUR%2B1HOUR]&wt=json&rows=0\n",
            "basic_query": "",
            "custom": ""
          },
          "style": {
            "font-size": "14pt"
          },
          "arrangement": "horizontal",
          "chart": "total",
          "counter_pos": "above",
          "donut": false,
          "tilt": false,
          "labels": true,
          "spyable": true,
          "title": "Total Hits",
          "show_queries": true
        }
      ]
    },
    {
      "title": "Filters",
      "height": "50px",
      "editable": true,
      "collapse": true,
      "collapsable": true,
      "panels": [
        {
          "error": false,
          "span": 12,
          "editable": true,
          "spyable": true,
          "group": [
            "default"
          ],
          "type": "filtering"
        }
      ]
    },
    {
      "title": "Graph",
      "height": "250px",
      "editable": true,
      "collapse": false,
      "collapsable": true,
      "panels": [
        {
          "span": 12,
          "editable": true,
          "type": "histogram",
          "loadingEditor": false,
          "mode": "values",
          "time_field": "record_opening_time_rounded_dt",
          "queries": {
            "mode": "all",
            "ids": [
              0
            ],
            "query": "q=*%3A*&fq=docType_s:network_type_change_rolling_count&wt=json&rows=100000&fq=record_opening_time_rounded_dt:[NOW/HOUR-1HOUR%20TO%20NOW/HOUR%2B1HOUR]&fl=record_opening_time_rounded_dt count_l&group=true&group.field=network_type_change_s&group.limit=100000\n",
            "custom": ""
          },
          "max_rows": 100000,
          "value_field": "count_l",
          "group_field": "network_type_change_s",
          "auto_int": false,
          "resolution": 100,
          "interval": "1m",
          "intervals": [
            "auto",
            "1s",
            "1m",
            "5m",
            "10m",
            "30m",
            "1h",
            "3h",
            "12h",
            "1d",
            "1w",
            "1M",
            "1y"
          ],
          "fill": 0,
          "linewidth": 3,
          "timezone": "utc",
          "spyable": true,
          "zoomlinks": true,
          "bars": true,
          "stack": true,
          "points": false,
          "lines": false,
          "legend": true,
          "x-axis": true,
          "y-axis": true,
          "percentage": false,
          "interactive": true,
          "options": true,
          "tooltip": {
            "value_type": "cumulative",
            "query_as_alias": false
          },
          "title": "Event Counts",
          "lines_smooth": false,
          "show_queries": true
        }
      ]
    },
    {
      "title": "Graphs",
      "height": "150px",
      "editable": true,
      "collapse": false,
      "collapsable": true,
      "panels": [
        {
          "span": 5,
          "editable": true,
          "type": "terms",
          "loadingEditor": false,
          "queries": {
            "mode": "all",
            "ids": [
              0
            ],
            "query": "q=*%3A*&fq=docType_s:network_type_change_rolling_count&wt=json&rows=0&fq=record_opening_time_rounded_dt:[NOW/HOUR-1HOUR%20TO%20NOW/HOUR%2B1HOUR]&stats=true&stats.facet=record_opening_time_rounded_dt&stats.field=count_l&facet.missing=true",
            "custom": ""
          },
          "mode": "sum",
          "field": "record_opening_time_rounded_dt",
          "stats_field": "count_l",
          "decimal_points": 0,
          "exclude": [],
          "missing": false,
          "other": false,
          "size": 10,
          "order": "descending",
          "style": {
            "font-size": "10pt"
          },
          "donut": false,
          "tilt": false,
          "labels": true,
          "logAxis": false,
          "arrangement": "horizontal",
          "chart": "bar",
          "counter_pos": "right",
          "lastColor": "",
          "spyable": true,
          "show_queries": true,
          "chartColors": [
            "#7EB26D",
            "#EAB839",
            "#6ED0E0",
            "#EF843C",
            "#E24D42",
            "#1F78C1",
            "#BA43A9",
            "#705DA0",
            "#508642",
            "#CCA300",
            "#447EBC",
            "#C15C17",
            "#890F02",
            "#0A437C",
            "#6D1F62",
            "#584477",
            "#B7DBAB",
            "#F4D598",
            "#70DBED",
            "#F9BA8F",
            "#F29191",
            "#82B5D8",
            "#E5A8E2",
            "#AEA2E0",
            "#629E51",
            "#E5AC0E",
            "#64B0C8",
            "#E0752D",
            "#BF1B00",
            "#0A50A1",
            "#962D82",
            "#614D93",
            "#9AC48A",
            "#F2C96D",
            "#65C5DB",
            "#F9934E",
            "#EA6460",
            "#5195CE",
            "#D683CE",
            "#806EB7",
            "#3F6833",
            "#967302",
            "#2F575E",
            "#99440A",
            "#58140C",
            "#052B51",
            "#511749",
            "#3F2B5B",
            "#E0F9D7",
            "#FCEACA",
            "#CFFAFF",
            "#F9E2D2",
            "#FCE2DE",
            "#BADFF4",
            "#F9D9F9",
            "#DEDAF7"
          ],
          "title": "dates"
        },
        {
          "span": 3,
          "editable": true,
          "type": "terms",
          "loadingEditor": false,
          "queries": {
            "mode": "all",
            "ids": [
              0
            ],
            "query": "q=*%3A*&fq=docType_s:network_type_change_rolling_count&wt=json&rows=0&fq=record_opening_time_rounded_dt:[NOW/HOUR-1HOUR%20TO%20NOW/HOUR%2B1HOUR]&stats=true&stats.facet=cell_id_from_s&stats.field=count_l&facet.missing=true",
            "custom": "&fq"
          },
          "mode": "sum",
          "field": "cell_id_from_s",
          "stats_field": "count_l",
          "decimal_points": 0,
          "exclude": [],
          "missing": false,
          "other": false,
          "size": 10,
          "order": "descending",
          "style": {
            "font-size": "10pt"
          },
          "donut": false,
          "tilt": false,
          "labels": true,
          "logAxis": false,
          "arrangement": "horizontal",
          "chart": "bar",
          "counter_pos": "right",
          "lastColor": "",
          "spyable": true,
          "show_queries": true,
          "chartColors": [
            "#7EB26D",
            "#EAB839",
            "#6ED0E0",
            "#EF843C",
            "#E24D42",
            "#1F78C1",
            "#BA43A9",
            "#705DA0",
            "#508642",
            "#CCA300",
            "#447EBC",
            "#C15C17",
            "#890F02",
            "#0A437C",
            "#6D1F62",
            "#584477",
            "#B7DBAB",
            "#F4D598",
            "#70DBED",
            "#F9BA8F",
            "#F29191",
            "#82B5D8",
            "#E5A8E2",
            "#AEA2E0",
            "#629E51",
            "#E5AC0E",
            "#64B0C8",
            "#E0752D",
            "#BF1B00",
            "#0A50A1",
            "#962D82",
            "#614D93",
            "#9AC48A",
            "#F2C96D",
            "#65C5DB",
            "#F9934E",
            "#EA6460",
            "#5195CE",
            "#D683CE",
            "#806EB7",
            "#3F6833",
            "#967302",
            "#2F575E",
            "#99440A",
            "#58140C",
            "#052B51",
            "#511749",
            "#3F2B5B",
            "#E0F9D7",
            "#FCEACA",
            "#CFFAFF",
            "#F9E2D2",
            "#FCE2DE",
            "#BADFF4",
            "#F9D9F9",
            "#DEDAF7"
          ],
          "title": "cell"
        },
        {
          "span": 4,
          "editable": true,
          "type": "terms",
          "loadingEditor": false,
          "queries": {
            "mode": "all",
            "ids": [
              0
            ],
            "query": "q=*%3A*&fq=docType_s:network_type_change_rolling_count&wt=json&rows=0&fq=record_opening_time_rounded_dt:[NOW/HOUR-1HOUR%20TO%20NOW/HOUR%2B1HOUR]&stats=true&stats.facet=network_type_change_s&stats.field=count_l&facet.missing=true",
            "custom": ""
          },
          "mode": "sum",
          "field": "network_type_change_s",
          "stats_field": "count_l",
          "decimal_points": 0,
          "exclude": [],
          "missing": false,
          "other": false,
          "size": 10,
          "order": "descending",
          "style": {
            "font-size": "10pt"
          },
          "donut": false,
          "tilt": false,
          "labels": true,
          "logAxis": false,
          "arrangement": "horizontal",
          "chart": "pie",
          "counter_pos": "right",
          "lastColor": "",
          "spyable": true,
          "show_queries": true,
          "chartColors": [
            "#7EB26D",
            "#EAB839",
            "#6ED0E0",
            "#EF843C",
            "#E24D42",
            "#1F78C1",
            "#BA43A9",
            "#705DA0",
            "#508642",
            "#CCA300",
            "#447EBC",
            "#C15C17",
            "#890F02",
            "#0A437C",
            "#6D1F62",
            "#584477",
            "#B7DBAB",
            "#F4D598",
            "#70DBED",
            "#F9BA8F",
            "#F29191",
            "#82B5D8",
            "#E5A8E2",
            "#AEA2E0",
            "#629E51",
            "#E5AC0E",
            "#64B0C8",
            "#E0752D",
            "#BF1B00",
            "#0A50A1",
            "#962D82",
            "#614D93",
            "#9AC48A",
            "#F2C96D",
            "#65C5DB",
            "#F9934E",
            "#EA6460",
            "#5195CE",
            "#D683CE",
            "#806EB7",
            "#3F6833",
            "#967302",
            "#2F575E",
            "#99440A",
            "#58140C",
            "#052B51",
            "#511749",
            "#3F2B5B",
            "#E0F9D7",
            "#FCEACA",
            "#CFFAFF",
            "#F9E2D2",
            "#FCE2DE",
            "#BADFF4",
            "#F9D9F9",
            "#DEDAF7"
          ],
          "title": "network"
        }
      ]
    },
    {
      "title": "Table",
      "height": "150px",
      "editable": true,
      "collapse": false,
      "collapsable": true,
      "panels": [
        {
          "span": 12,
          "editable": true,
          "type": "table",
          "loadingEditor": false,
          "status": "Stable",
          "queries": {
            "mode": "all",
            "ids": [
              0
            ],
            "query": "q=*%3A*&fq=docType_s:network_type_change_rolling_count&fq=record_opening_time_rounded_dt:[NOW/HOUR-1HOUR%20TO%20NOW/HOUR%2B1HOUR]&sort=record_opening_time_rounded_dt desc&wt=json&rows=5000",
            "basic_query": "q=*%3A*&fq=docType_s:network_type_change_rolling_count&fq=record_opening_time_rounded_dt:[NOW/HOUR-1HOUR%20TO%20NOW/HOUR%2B1HOUR]&sort=record_opening_time_rounded_dt desc",
            "custom": ""
          },
          "size": 100,
          "pages": 50,
          "offset": 0,
          "sort": [
            "record_opening_time_rounded_dt",
            "desc"
          ],
          "group": "default",
          "style": {
            "font-size": "9pt"
          },
          "overflow": "min-height",
          "fields": [
            "record_opening_time_rounded_dt",
            "cell_id_from_s",
            "cell_id_to_s",
            "network_type_change_s",
            "count_l"
          ],
          "highlight": [],
          "sortable": true,
          "header": true,
          "paging": true,
          "field_list": true,
          "trimFactor": 300,
          "normTimes": true,
          "spyable": true,
          "saveOption": "json",
          "exportSize": 500,
          "exportAll": true,
          "displayLinkIcon": true,
          "imageFields": [],
          "imgFieldWidth": "auto",
          "imgFieldHeight": "85px",
          "title": "Table panel",
          "important_fields": [
            "_version_",
            "cell_id_from_s",
            "cell_id_to_s",
            "count_l",
            "docType_s",
            "id",
            "key_s",
            "network_type_change_s",
            "record_opening_time_rounded_dt"
          ],
          "show_queries": true,
          "show_help_message": false
        }
      ]
    }
  ],
  "editable": true,
  "index": {
    "interval": "none",
    "pattern": "[logstash-]YYYY.MM.DD",
    "default": "_all"
  },
  "style": "light",
  "failover": false,
  "panel_hints": true,
  "loader": {
    "save_gist": false,
    "save_elasticsearch": true,
    "save_local": true,
    "save_default": true,
    "save_temp": true,
    "save_temp_ttl_enable": true,
    "save_temp_ttl": "30d",
    "load_gist": true,
    "load_elasticsearch": true,
    "load_elasticsearch_size": 20,
    "load_local": true,
    "hide": false,
    "dropdown_collections": false
  },
  "solr": {
    "server": "/solr/",
    "core_name": "cdr",
    "core_list": [
      "cdr"
    ],
    "global_params": "&fq=docType_s:network_type_change_rolling_count"
  }
}